24.0,24.0,24.0,24
1.1879,0.777,0.1629,6
1.5294,-0.5125,-0.5571,6
0.4841,-1.5816,-0.2713,6
-1.2109,0.1276,0.1704,6
-0.2195,1.2352,-0.1692,6
1.5704,-0.3249,-1.6222,1
1.2533,0.6228,1.2318,1
-1.198,-0.0747,1.2307,1
-0.2789,1.4784,-1.225,1
-0.7964,-1.0613,-0.5475,8
2.7719,-1.0355,-0.0938,8
3.4862,-0.4126,-0.1867,1
2.1631,1.7336,-0.2507,8
2.0438,2.5761,0.1766,1
-2.6278,0.3797,-0.2977,6
-3.0475,1.2398,0.2009,1
-2.6283,0.5546,-1.3682,1
-3.4716,-0.7157,0.0314,8
-3.0935,-1.543,-0.2533,1
0.6069,-2.4354,-0.9157,1
0.5349,-1.9626,1.088,8
1.4247,-2.1516,1.374,1
-0.4342,2.4101,0.6237,8
-1.1387,2.9726,0.3237,1